"GAM_model","RMSE","MAE","R2"
"DHW",2.04668443938722,0.872530193780069,0.285555376293122
"SST",1.60515104293382,1.28977614342443,0.75771772378206
"SSTA",3.78624398277491,1.5071157460687,0.373577026555334
