"variable","RMSE","MAE","R2"
"DHW",2.04668443938722,0.872530193780069,-0.0243449915722456
"SST",1.60515104293382,1.28977614342443,0.528549444386418
"SSTA",3.78624398277491,1.5071157460687,-50.1768891868394
