Linear regression,MAE,RMSE,R^2
DHW,0.651719,1.215311,0.1291853
SST,1.6130459,2.005365,0.1636305
SSTA,0.4009636,0.508158,0.2302094
