"variable","RMSE","MAE","R2"
"DHW",1660.51311094189,358.733889859319,-1354405.76893396
"SST",4.26688846819988,3.84081405763441,-3.21838338145834
"SSTA",2.47153969039,2.25263680570677,-25.0143532205484
