Random Forest	MAE	RMSE	R^2
DHW	0.5348143	1.088307	0.4924211
SST	1.223376	1.53701	0.6995546
SSTA	0.3624484	0.4617542	0.5481513
			